공정,제품 코드,최소목표일
누수규격,P0101A-01.75,2026-05-04
누수규격,P0174A-01.50DBK3,2026-04-26
누수규격,P0174A-01.75DBK3,2026-04-06
누수규격,P0174A-04.75DBK3,2026-04-06
누수규격,P0174A-06.50DBK3,2026-02-24
누수규격,P0174A-07.00DBK3,2026-02-24
누수규격,P0174A-07.50DBK3,2026-04-06
누수규격,P0174A-08.00DBK3,2026-02-24
누수규격,P0175A-01.00LKG3,2026-04-10
누수규격,P0175A-01.25LKG3,2026-02-24
누수규격,P0175A-01.50LKG3,2026-02-24
누수규격,P0175A-01.75LKG3,2026-02-24
누수규격,P0175A-02.25LKG3,2026-02-24
누수규격,P0175A-02.50LKG3,2026-04-10
누수규격,P0175A-02.75LKG3,2026-04-10
누수규격,P0175A-03.00LKG3,2026-02-24
누수규격,P0175A-03.25LKG3,2026-02-24
누수규격,P0175A-03.50LKG3,2026-04-26
누수규격,P0175A-03.75LKG3,2026-02-24
누수규격,P0175A-04.00LKG3,2026-02-24
누수규격,P0175A-04.25LKG3,2026-02-24
누수규격,P0175A-04.75LKG3,2026-04-26
누수규격,P0175A-05.00LKG3,2026-04-26
누수규격,P0175A-05.50LKG3,2026-04-10
누수규격,P0175A-06.00LKG3,2026-04-26
누수규격,P0175A-06.50LKG3,2026-02-24
누수규격,P0175A-07.00LKG3,2026-02-24
누수규격,P0175A-07.50LKG3,2026-04-10
누수규격,P0175A-08.00LKG3,2026-02-24
누수규격,P0176A-01.00MBN3,2026-02-24
누수규격,P0176A-01.25MBN3,2026-04-13
누수규격,P0176A-01.50MBN3,2026-04-26
누수규격,P0176A-01.75MBN3,2026-02-24
누수규격,P0176A-02.00MBN3,2026-04-13
누수규격,P0176A-02.25MBN3,2026-02-24
누수규격,P0176A-02.50MBN3,2026-04-13
누수규격,P0176A-02.75MBN3,2026-02-24
누수규격,P0176A-03.00MBN3,2026-02-24
누수규격,P0176A-03.25MBN3,2026-04-13
누수규격,P0176A-03.50MBN3,2026-04-13
누수규격,P0176A-03.75MBN3,2026-02-24
누수규격,P0176A-04.00MBN3,2026-04-13
누수규격,P0176A-04.25MBN3,2026-02-24
누수규격,P0176A-04.50MBN3,2026-02-24
누수규격,P0176A-04.75MBN3,2026-02-24
누수규격,P0176A-05.00MBN3,2026-02-24
누수규격,P0176A-05.50MBN3,2026-02-24
누수규격,P0176A-06.00MBN3,2026-02-24
누수규격,P0176A-06.50MBN3,2026-02-24
누수규격,P0176A-07.00MBN3,2026-02-24
누수규격,P0176A-07.50MBN3,2026-02-24
누수규격,P0176A-08.00MBN3,2026-02-24
누수규격,P0317A-01.75PCH3,2026-04-26
누수규격,P0317A-02.25PCH3,2026-04-26
누수규격,P0317A-02.50PCH3,2026-04-26
누수규격,P0317A-02.75PCH3,2026-04-03
누수규격,P0317A-03.00PCH3,2026-04-26
누수규격,P0317A-03.25PCH3,2026-04-26
누수규격,P0317A-03.75PCH3,2026-04-26
누수규격,P0317A-04.00PCH3,2026-04-03
누수규격,P0317A-04.25PCH3,2026-04-26
누수규격,P0317A-04.50PCH3,2026-04-03
누수규격,P0317A-04.75PCH3,2026-04-03
누수규격,P0317A-05.00PCH3,2026-04-03
누수규격,P0317A-05.50PCH3,2026-04-03
누수규격,P0317A-06.00PCH3,2026-04-03
누수규격,P0317A-06.50PCH3,2026-04-03
누수규격,P0317A-07.00PCH3,2026-04-03
누수규격,P0317A-07.50PCH3,2026-04-03
누수규격,P0317A-08.00PCH3,2026-04-03
누수규격,P0318A-00.00DBK3,2026-04-06
누수규격,P0318A-01.00DBK3,2026-04-06
누수규격,P0318A-01.25DBK3,2026-04-06
누수규격,P0318A-01.50DBK3,2026-04-06
누수규격,P0318A-01.75DBK3,2026-04-06
누수규격,P0318A-02.00DBK3,2026-04-06
누수규격,P0318A-02.25DBK3,2026-04-06
누수규격,P0318A-02.50DBK3,2026-04-06
누수규격,P0318A-02.75DBK3,2026-04-06
누수규격,P0318A-03.00DBK3,2026-04-06
누수규격,P0318A-03.25DBK3,2026-04-06
누수규격,P0318A-03.50DBK3,2026-04-06
누수규격,P0318A-03.75DBK3,2026-04-06
누수규격,P0318A-04.00DBK3,2026-04-06
누수규격,P0318A-04.25DBK3,2026-04-06
누수규격,P0318A-04.50DBK3,2026-04-06
누수규격,P0318A-04.75DBK3,2026-04-06
누수규격,P0318A-05.00DBK3,2026-04-06
누수규격,P0318A-05.50DBK3,2026-04-06
누수규격,P0318A-06.00DBK3,2026-04-06
누수규격,P0318A-06.50DBK3,2026-04-06
누수규격,P0318A-07.00DBK3,2026-04-06
누수규격,P0318A-07.50DBK3,2026-04-06
누수규격,P0318A-08.00DBK3,2026-04-06
누수규격,P0319A-00.00LKG3,2026-04-10
누수규격,P0319A-01.00LKG3,2026-04-10
누수규격,P0319A-01.25LKG3,2026-04-10
누수규격,P0319A-01.50LKG3,2026-04-10
누수규격,P0319A-01.75LKG3,2026-04-10
누수규격,P0319A-02.00LKG3,2026-04-10
누수규격,P0319A-02.25LKG3,2026-04-10
누수규격,P0319A-02.50LKG3,2026-04-10
누수규격,P0319A-02.75LKG3,2026-04-10
누수규격,P0319A-03.00LKG3,2026-04-10
누수규격,P0319A-03.25LKG3,2026-04-10
누수규격,P0319A-03.50LKG3,2026-04-10
누수규격,P0319A-03.75LKG3,2026-04-10
누수규격,P0319A-04.00LKG3,2026-04-10
누수규격,P0319A-04.25LKG3,2026-04-10
누수규격,P0319A-04.50LKG3,2026-04-10
누수규격,P0319A-04.75LKG3,2026-04-10
누수규격,P0319A-05.00LKG3,2026-04-10
누수규격,P0319A-05.50LKG3,2026-04-10
누수규격,P0319A-06.00LKG3,2026-04-10
누수규격,P0319A-06.50LKG3,2026-04-10
누수규격,P0319A-07.00LKG3,2026-04-10
누수규격,P0319A-07.50LKG3,2026-04-10
누수규격,P0319A-08.00LKG3,2026-04-10
누수규격,P0320A-00.00MBN3,2026-04-13
누수규격,P0320A-01.00MBN3,2026-04-13
누수규격,P0320A-01.25MBN3,2026-04-13
누수규격,P0320A-01.50MBN3,2026-04-13
누수규격,P0320A-01.75MBN3,2026-04-13
누수규격,P0320A-02.00MBN3,2026-04-13
누수규격,P0320A-02.25MBN3,2026-04-13
누수규격,P0320A-02.50MBN3,2026-04-13
누수규격,P0320A-02.75MBN3,2026-04-13
누수규격,P0320A-03.00MBN3,2026-04-13
누수규격,P0320A-03.25MBN3,2026-04-13
누수규격,P0320A-03.50MBN3,2026-04-13
누수규격,P0320A-03.75MBN3,2026-04-13
누수규격,P0320A-04.00MBN3,2026-04-13
누수규격,P0320A-04.25MBN3,2026-04-13
누수규격,P0320A-04.50MBN3,2026-04-13
누수규격,P0320A-04.75MBN3,2026-04-13
누수규격,P0320A-05.00MBN3,2026-04-13
누수규격,P0320A-05.50MBN3,2026-04-13
누수규격,P0320A-06.00MBN3,2026-04-13
누수규격,P0320A-06.50MBN3,2026-04-13
누수규격,P0320A-07.00MBN3,2026-04-13
누수규격,P0320A-07.50MBN3,2026-04-13
누수규격,P0320A-08.00MBN3,2026-04-13
누수규격,P0321A-00.00PCH3,2026-04-03
누수규격,P0321A-01.00PCH3,2026-04-03
누수규격,P0321A-01.25PCH3,2026-04-03
누수규격,P0321A-01.50PCH3,2026-04-03
누수규격,P0321A-01.75PCH3,2026-04-03
누수규격,P0321A-02.00PCH3,2026-04-03
누수규격,P0321A-02.25PCH3,2026-04-03
누수규격,P0321A-02.50PCH3,2026-04-03
누수규격,P0321A-02.75PCH3,2026-04-03
누수규격,P0321A-03.00PCH3,2026-04-03
누수규격,P0321A-03.25PCH3,2026-04-03
누수규격,P0321A-03.50PCH3,2026-04-03
누수규격,P0321A-03.75PCH3,2026-04-03
누수규격,P0321A-04.00PCH3,2026-04-03
누수규격,P0321A-04.25PCH3,2026-04-03
누수규격,P0321A-04.50PCH3,2026-04-03
누수규격,P0321A-04.75PCH3,2026-04-03
누수규격,P0321A-05.00PCH3,2026-04-03
누수규격,P0321A-05.50PCH3,2026-04-03
누수규격,P0321A-06.00PCH3,2026-04-03
누수규격,P0321A-06.50PCH3,2026-04-03
누수규격,P0321A-07.00PCH3,2026-04-03
누수규격,P0321A-07.50PCH3,2026-04-03
누수규격,P0321A-08.00PCH3,2026-04-03
누수규격,P0365A-01.00,2026-05-15
누수규격,P0365A-01.25,2026-05-15
누수규격,P0365A-01.50,2026-05-15
누수규격,P0365A-01.75,2026-05-15
누수규격,P0365A-02.00,2026-05-15
누수규격,P0365A-02.25,2026-05-15
누수규격,P0365A-02.50,2026-05-15
누수규격,P0365A-02.75,2026-05-15
누수규격,P0365A-03.00,2026-05-15
누수규격,P0365A-03.25,2026-05-15
누수규격,P0365A-03.50,2026-05-15
누수규격,P0365A-03.75,2026-05-15
누수규격,P0365A-04.00,2026-05-15
누수규격,P0365A-04.25,2026-05-15
누수규격,P0365A-04.50,2026-05-15
누수규격,P0365A-04.75,2026-05-15
누수규격,P0365A-05.00,2026-05-15
누수규격,P0365A-05.50,2026-05-15
누수규격,P0365A-06.00,2026-05-15
누수규격,P0365A-06.50,2026-05-15
누수규격,P0365A-07.00,2026-05-15
누수규격,P0365A-07.50,2026-05-15
누수규격,P0365A-08.00,2026-05-15
누수규격,P0365A-08.50,2026-05-15
누수규격,P0365A-09.00,2026-05-15
누수규격,P0365A-09.50,2026-05-15
누수규격,P0365A-10.00,2026-05-15
누수규격,P0510A+03.75,2026-05-07
누수규격,P0510A+04.00,2026-05-07
누수규격,P0510A+05.50,2026-05-07
누수규격,P0510A+06.50,2026-05-07
누수규격,P0510A+07.00,2026-05-07
누수규격,P0510A+07.50,2026-05-07
누수규격,P0510A-02.00,2026-05-07
누수규격,P0510A-05.50,2026-05-07
누수규격,P0510A-06.00,2026-05-07
누수규격,P0510A-09.00,2026-05-07
누수규격,P3405A-00.50SPC,2026-04-17
누수규격,P3405A-01.00SPC,2026-04-26
누수규격,P3405A-01.50SPC,2026-04-17
누수규격,P3405A-01.75SPC,2026-04-17
누수규격,P3405A-02.00SPC,2026-04-17
누수규격,P3405A-02.25SPC,2026-04-17
누수규격,P3405A-02.50SPC,2026-04-17
누수규격,P3405A-02.75SPC,2026-04-17
누수규격,P3405A-03.00SPC,2026-04-17
누수규격,P3405A-03.25SPC,2026-04-17
누수규격,P3405A-03.50SPC,2026-04-17
누수규격,P3405A-03.75SPC,2026-04-17
누수규격,P3405A-04.00SPC,2026-04-17
누수규격,P3405A-04.25SPC,2026-04-17
누수규격,P3405A-04.75SPC,2026-04-26
누수규격,P3405A-05.50SPC,2026-04-26
누수규격,P3405A-06.00SPC,2026-04-26
누수규격,P3405A-08.00SPC,2026-04-26
누수규격,P3405A-10.00SPC,2026-04-17
누수규격,P3406A-00.00ASB,2026-04-26
누수규격,P3406A-01.50ASB,2026-04-26
누수규격,P3406A-03.25ASB,2026-04-19
누수규격,P3406A-03.75ASB,2026-04-26
누수규격,P3406A-04.75ASB,2026-02-24
누수규격,P3406A-05.00ASB,2026-04-19
누수규격,P3407A-00.50ASG,2026-04-26
누수규격,P3407A-01.00ASG,2026-04-26
누수규격,P3407A-01.25ASG,2026-04-26
누수규격,P3407A-01.75ASG,2026-04-26
누수규격,P3407A-02.00ASG,2026-04-26
누수규격,P3407A-02.25ASG,2026-04-26
누수규격,P3407A-03.00ASG,2026-04-26
누수규격,P3407A-03.50ASG,2026-04-26
누수규격,P3407A-03.75ASG,2026-04-17
누수규격,P3407A-04.50ASG,2026-04-26
누수규격,P3407A-05.00ASG,2026-04-17
누수규격,P3407A-05.50ASG,2026-04-26
누수규격,P3407A-06.00ASG,2026-04-17
누수규격,P3407A-06.50ASG,2026-04-26
누수규격,P3407A-07.00ASG,2026-04-26
누수규격,P3407A-08.50ASG,2026-04-17
누수규격,P3407A-10.00ASG,2026-04-17
누수규격,P5022A-07.50-1.25180,2026-04-23
누수규격,P5024A-08.00-1.75180,2026-04-23
누수규격,P5294A-01.50IGM,2026-05-11
누수규격,P5294A-01.75IGM,2026-05-11
누수규격,P5294A-02.75IGM,2026-05-11
누수규격,P5294A-05.75IGM,2026-05-11
누수규격,P5316A-00.00PIE,2026-05-14
누수규격,P5317A-00.00CED,2026-05-14
누수규격,P5317A-00.75CED,2026-05-14
누수규격,P5317A-02.00CED,2026-05-14
누수규격,P5317A-02.50CED,2026-05-14
누수규격,P5378A-04.00LVA,2026-05-14
누수규격,P5386A-00.00GAN,2026-05-14
누수규격,P5387A-00.00STA,2026-05-14
누수규격,P5387A-01.75STA,2026-05-14
누수규격,P5387A-03.75STA,2026-05-14
누수규격,P5387A-04.00STA,2026-05-14
누수규격,P5387A-04.50STA,2026-05-14
누수규격,P5405A-01.50-0.75090,2026-04-23
누수규격,P5405A-03.00-0.75170,2026-04-23
누수규격,P5405A-04.25-1.25170,2026-04-23
누수규격,P5416A+02.50+2.50,2026-04-02
누수규격,P5416A+03.00+2.50,2026-04-16
누수규격,P5416A+03.25+2.50,2026-05-07
누수규격,P5416A+03.50+2.50,2026-04-16
누수규격,P5416A-02.50+1.50,2026-04-16
누수규격,P5416A-02.75+2.50,2026-04-16
누수규격,P5416A-03.00+1.50,2026-04-02
누수규격,P5416A-03.25+2.00,2026-05-07
누수규격,P5416A-03.50+2.00,2026-04-02
누수규격,P5416A-04.00+1.50,2026-04-02
누수규격,P5416A-04.50+2.00,2026-05-07
누수규격,P5416A-05.00+2.00,2026-04-16
누수규격,P5416A-06.00+1.50,2026-05-07
누수규격,P5416A-06.50+1.00,2026-04-16
누수규격,P5416A-08.00+2.00,2026-05-07
누수규격,P5423A-08.00,2026-04-26
누수규격,P5424A-02.00,2026-05-08
누수규격,P5424A-05.50,2026-05-08
분리,Q0174-00.00DBK3,2026-04-02
분리,Q0174-01.00DBK3,2026-04-02
분리,Q0174-01.25DBK3,2026-04-02
분리,Q0174-01.50DBK3,2026-04-02
분리,Q0174-01.75DBK3,2026-04-02
분리,Q0174-02.00DBK3,2026-04-02
분리,Q0174-02.25DBK3,2026-04-02
분리,Q0174-02.50DBK3,2026-04-02
분리,Q0174-02.75DBK3,2026-04-02
분리,Q0174-03.00DBK3,2026-04-02
분리,Q0174-03.25DBK3,2026-04-02
분리,Q0174-03.50DBK3,2026-04-02
분리,Q0174-03.75DBK3,2026-04-02
분리,Q0174-04.00DBK3,2026-04-02
분리,Q0174-04.25DBK3,2026-04-02
분리,Q0174-04.50DBK3,2026-04-02
분리,Q0174-04.75DBK3,2026-04-02
분리,Q0174-05.00DBK3,2026-04-02
분리,Q0174-05.50DBK3,2026-04-02
분리,Q0174-06.00DBK3,2026-04-02
분리,Q0174-06.50DBK3,2026-02-20
분리,Q0174-07.00DBK3,2026-02-20
분리,Q0174-07.50DBK3,2026-04-02
분리,Q0174-08.00DBK3,2026-02-20
분리,Q0175-01.00LKG3,2026-04-06
분리,Q0175-01.25LKG3,2026-02-20
분리,Q0175-01.50LKG3,2026-02-20
분리,Q0175-01.75LKG3,2026-02-20
분리,Q0175-02.00LKG3,2026-04-06
분리,Q0175-02.25LKG3,2026-02-20
분리,Q0175-02.50LKG3,2026-04-06
분리,Q0175-02.75LKG3,2026-04-06
분리,Q0175-03.00LKG3,2026-02-20
분리,Q0175-03.25LKG3,2026-02-20
분리,Q0175-03.50LKG3,2026-04-06
분리,Q0175-03.75LKG3,2026-02-20
분리,Q0175-04.00LKG3,2026-02-20
분리,Q0175-04.25LKG3,2026-02-20
분리,Q0175-04.50LKG3,2026-04-06
분리,Q0175-04.75LKG3,2026-04-06
분리,Q0175-05.00LKG3,2026-04-06
분리,Q0175-05.50LKG3,2026-04-06
분리,Q0175-06.00LKG3,2026-04-06
분리,Q0175-06.50LKG3,2026-02-20
분리,Q0175-07.00LKG3,2026-02-20
분리,Q0175-07.50LKG3,2026-04-06
분리,Q0175-08.00LKG3,2026-02-20
분리,Q0176-00.00MBN3,2026-04-09
분리,Q0176-01.00MBN3,2026-04-09
분리,Q0176-01.25MBN3,2026-04-09
분리,Q0176-01.50MBN3,2026-04-22
분리,Q0176-01.75MBN3,2026-02-20
분리,Q0176-02.00MBN3,2026-04-09
분리,Q0176-02.25MBN3,2026-02-20
분리,Q0176-02.50MBN3,2026-04-09
분리,Q0176-02.75MBN3,2026-02-20
분리,Q0176-03.00MBN3,2026-02-20
분리,Q0176-03.25MBN3,2026-04-09
분리,Q0176-03.50MBN3,2026-04-09
분리,Q0176-03.75MBN3,2026-02-20
분리,Q0176-04.00MBN3,2026-04-09
분리,Q0176-04.25MBN3,2026-02-20
분리,Q0176-04.50MBN3,2026-02-20
분리,Q0176-04.75MBN3,2026-02-20
분리,Q0176-05.00MBN3,2026-02-20
분리,Q0176-05.50MBN3,2026-02-20
분리,Q0176-06.00MBN3,2026-02-20
분리,Q0176-06.50MBN3,2026-02-20
분리,Q0176-07.00MBN3,2026-02-20
분리,Q0176-07.50MBN3,2026-02-20
분리,Q0176-08.00MBN3,2026-02-20
분리,Q0317-01.00PCH3,2026-03-30
분리,Q0317-01.25PCH3,2026-03-30
분리,Q0317-01.50PCH3,2026-03-30
분리,Q0317-01.75PCH3,2026-03-30
분리,Q0317-02.00PCH3,2026-03-30
분리,Q0317-02.25PCH3,2026-03-30
분리,Q0317-02.50PCH3,2026-03-30
분리,Q0317-02.75PCH3,2026-03-30
분리,Q0317-03.00PCH3,2026-03-30
분리,Q0317-03.25PCH3,2026-03-30
분리,Q0317-03.50PCH3,2026-03-30
분리,Q0317-03.75PCH3,2026-03-30
분리,Q0317-04.00PCH3,2026-03-30
분리,Q0317-04.25PCH3,2026-03-30
분리,Q0317-04.50PCH3,2026-03-30
분리,Q0317-04.75PCH3,2026-03-30
분리,Q0317-05.00PCH3,2026-03-30
분리,Q0317-05.50PCH3,2026-03-30
분리,Q0317-06.00PCH3,2026-03-30
분리,Q0317-06.50PCH3,2026-03-30
분리,Q0317-07.00PCH3,2026-04-22
분리,Q0317-08.00PCH3,2026-04-22
분리,Q1025-02.75+2.50,2026-04-12
분리,Q1025-05.00+2.00,2026-04-12
분리,Q1025-06.00+1.50,2026-05-03
분리,Q1025-06.50+1.00,2026-04-12
분리,Q1025-08.00+2.00,2026-05-03
분리,Q1026+03.75,2026-05-03
분리,Q1026+04.00,2026-05-03
분리,Q1026+05.50,2026-05-03
분리,Q1026+06.50,2026-05-03
분리,Q1026+07.00,2026-05-03
분리,Q1026+07.50,2026-05-03
분리,Q1026-01.00,2026-05-11
분리,Q1026-01.25,2026-05-11
분리,Q1026-01.50,2026-05-11
분리,Q1026-01.75,2026-05-11
분리,Q1026-02.00,2026-05-03
분리,Q1026-02.25,2026-05-11
분리,Q1026-02.75,2026-05-11
분리,Q1026-03.00,2026-05-11
분리,Q1026-03.25,2026-05-11
분리,Q1026-03.50,2026-05-11
분리,Q1026-03.75,2026-05-11
분리,Q1026-04.25,2026-05-11
분리,Q1026-04.50,2026-05-11
분리,Q1026-04.75,2026-05-11
분리,Q1026-05.00,2026-05-11
분리,Q1026-05.50,2026-05-03
분리,Q1026-06.00,2026-05-03
분리,Q1026-06.50,2026-05-11
분리,Q1026-07.00,2026-05-11
분리,Q1026-07.50,2026-05-11
분리,Q1026-08.00,2026-04-22
분리,Q1026-08.50,2026-05-11
분리,Q1026-09.00,2026-05-03
분리,Q1026-09.50,2026-05-11
분리,Q1026-10.00,2026-05-11
분리,Q1052-01.50-0.75090,2026-04-19
분리,Q1052-03.00-0.75170,2026-04-19
분리,Q1052-04.25-1.25170,2026-04-19
분리,Q3400-01.75BRW,2026-02-15
분리,Q3401-04.75GRA,2026-02-20
분리,Q3402-04.75BRW,2026-03-24
분리,Q3404-00.00GRN,2026-02-15
분리,Q3404-01.00GRN,2026-02-15
분리,Q3404-02.25GRN,2026-02-15
분리,Q3404-03.00GRN,2026-02-20
분리,Q3404-04.00GRN,2026-02-15
분리,Q3404-06.50GRN,2026-02-15
분리,Q3404-08.00GRN,2026-03-24
분리,Q3405-00.50SPC,2026-04-13
분리,Q3405-01.00SPC,2026-04-22
분리,Q3405-01.50SPC,2026-04-13
분리,Q3405-01.75SPC,2026-04-13
분리,Q3405-02.00SPC,2026-04-13
분리,Q3405-02.25SPC,2026-04-13
분리,Q3405-02.50SPC,2026-04-13
분리,Q3405-02.75SPC,2026-04-22
분리,Q3405-03.00SPC,2026-04-22
분리,Q3405-03.25SPC,2026-04-22
분리,Q3405-03.50SPC,2026-04-13
분리,Q3405-03.75SPC,2026-04-13
분리,Q3405-04.00SPC,2026-04-13
분리,Q3405-04.25SPC,2026-04-13
분리,Q3405-04.75SPC,2026-04-22
분리,Q3405-05.50SPC,2026-04-22
분리,Q3405-06.00SPC,2026-04-22
분리,Q3405-08.00SPC,2026-04-22
분리,Q3405-10.00SPC,2026-04-13
분리,Q3406-00.00ASB,2026-04-22
분리,Q3406-01.50ASB,2026-04-22
분리,Q3406-03.25ASB,2026-04-15
분리,Q3406-03.75ASB,2026-04-22
분리,Q3406-04.75ASB,2026-02-20
분리,Q3406-05.00ASB,2026-04-15
분리,Q3407-00.50ASG,2026-04-22
분리,Q3407-01.00ASG,2026-04-22
분리,Q3407-01.25ASG,2026-04-22
분리,Q3407-01.75ASG,2026-04-22
분리,Q3407-02.00ASG,2026-04-22
분리,Q3407-02.25ASG,2026-04-22
분리,Q3407-03.00ASG,2026-04-22
분리,Q3407-03.50ASG,2026-04-22
분리,Q3407-03.75ASG,2026-04-13
분리,Q3407-04.50ASG,2026-04-22
분리,Q3407-05.00ASG,2026-04-13
분리,Q3407-05.50ASG,2026-04-22
분리,Q3407-06.00ASG,2026-04-13
분리,Q3407-06.50ASG,2026-04-22
분리,Q3407-07.00ASG,2026-04-22
분리,Q3407-08.50ASG,2026-04-13
분리,Q3407-10.00ASG,2026-04-13
분리,Q5022-07.50-1.25180,2026-04-19
분리,Q5024-08.00-1.75180,2026-04-19
분리,Q5316-00.00PIE,2026-05-10
분리,Q5317-00.00CED,2026-05-10
분리,Q5317-00.75CED,2026-05-10
분리,Q5317-02.00CED,2026-05-10
분리,Q5317-02.50CED,2026-05-10
분리,Q5378-04.00LVA,2026-05-10
분리,Q5387-00.00STA,2026-05-10
분리,Q5387-03.75STA,2026-05-10
분리,Q5387-04.00STA,2026-05-10
분리,Q5387-04.50STA,2026-05-10
사출,R0174-00.00DBK3,2026-04-01
사출,R0174-01.00DBK3,2026-04-01
사출,R0174-01.25DBK3,2026-04-01
사출,R0174-01.50DBK3,2026-04-01
사출,R0174-01.75DBK3,2026-04-01
사출,R0174-02.00DBK3,2026-04-01
사출,R0174-02.25DBK3,2026-04-01
사출,R0174-02.50DBK3,2026-04-01
사출,R0174-02.75DBK3,2026-04-01
사출,R0174-03.00DBK3,2026-04-01
사출,R0174-03.25DBK3,2026-04-01
사출,R0174-03.75DBK3,2026-04-01
사출,R0174-04.00DBK3,2026-04-01
사출,R0174-04.25DBK3,2026-04-01
사출,R0174-04.50DBK3,2026-04-01
사출,R0174-04.75DBK3,2026-04-01
사출,R0174-05.00DBK3,2026-04-01
사출,R0174-05.50DBK3,2026-04-01
사출,R0174-06.00DBK3,2026-04-01
사출,R0174-06.50DBK3,2026-02-19
사출,R0174-07.00DBK3,2026-02-19
사출,R0174-07.50DBK3,2026-04-01
사출,R0174-08.00DBK3,2026-02-19
사출,R0175-01.00LKG3,2026-04-05
사출,R0175-01.25LKG3,2026-02-19
사출,R0175-01.50LKG3,2026-02-19
사출,R0175-01.75LKG3,2026-02-19
사출,R0175-02.00LKG3,2026-04-05
사출,R0175-02.25LKG3,2026-02-19
사출,R0175-02.50LKG3,2026-04-05
사출,R0175-02.75LKG3,2026-04-05
사출,R0175-03.00LKG3,2026-02-19
사출,R0175-03.25LKG3,2026-02-19
사출,R0175-03.50LKG3,2026-04-05
사출,R0175-03.75LKG3,2026-02-19
사출,R0175-04.00LKG3,2026-02-19
사출,R0175-04.25LKG3,2026-02-19
사출,R0175-04.50LKG3,2026-04-05
사출,R0175-04.75LKG3,2026-04-05
사출,R0175-05.00LKG3,2026-04-05
사출,R0175-05.50LKG3,2026-04-05
사출,R0175-06.00LKG3,2026-04-05
사출,R0175-06.50LKG3,2026-02-19
사출,R0175-07.00LKG3,2026-02-19
사출,R0175-07.50LKG3,2026-04-05
사출,R0175-08.00LKG3,2026-02-19
사출,R0176-00.00MBN3,2026-04-08
사출,R0176-01.00MBN3,2026-04-08
사출,R0176-01.25MBN3,2026-04-08
사출,R0176-01.75MBN3,2026-04-08
사출,R0176-02.00MBN3,2026-04-08
사출,R0176-02.25MBN3,2026-02-19
사출,R0176-02.50MBN3,2026-04-08
사출,R0176-02.75MBN3,2026-02-19
사출,R0176-03.00MBN3,2026-02-19
사출,R0176-03.25MBN3,2026-04-08
사출,R0176-03.50MBN3,2026-04-08
사출,R0176-03.75MBN3,2026-02-19
사출,R0176-04.00MBN3,2026-04-08
사출,R0176-04.25MBN3,2026-02-19
사출,R0176-04.50MBN3,2026-02-19
사출,R0176-04.75MBN3,2026-02-19
사출,R0176-05.00MBN3,2026-02-19
사출,R0176-05.50MBN3,2026-02-19
사출,R0176-06.00MBN3,2026-02-19
사출,R0176-06.50MBN3,2026-02-19
사출,R0176-07.00MBN3,2026-02-19
사출,R0176-07.50MBN3,2026-02-19
사출,R0176-08.00MBN3,2026-02-19
사출,R0317-01.00PCH3,2026-03-29
사출,R0317-01.25PCH3,2026-03-29
사출,R0317-01.50PCH3,2026-03-29
사출,R0317-01.75PCH3,2026-03-29
사출,R0317-02.00PCH3,2026-03-29
사출,R0317-02.25PCH3,2026-03-29
사출,R0317-02.50PCH3,2026-03-29
사출,R0317-02.75PCH3,2026-03-29
사출,R0317-03.00PCH3,2026-03-29
사출,R0317-03.25PCH3,2026-04-21
사출,R0317-03.50PCH3,2026-03-29
사출,R0317-03.75PCH3,2026-03-29
사출,R0317-04.75PCH3,2026-04-21
사출,R0317-05.00PCH3,2026-03-29
사출,R0317-05.50PCH3,2026-03-29
사출,R0317-06.00PCH3,2026-03-29
사출,R1025-02.75+2.50,2026-04-11
사출,R1025-05.00+2.00,2026-04-11
사출,R1025-06.00+1.50,2026-05-02
사출,R1025-06.50+1.00,2026-04-11
사출,R1025-08.00+2.00,2026-05-02
사출,R1026+03.75,2026-05-02
사출,R1026+04.00,2026-05-02
사출,R1026+05.50,2026-05-02
사출,R1026+06.50,2026-05-02
사출,R1026+07.00,2026-05-02
사출,R1026+07.50,2026-05-02
사출,R1026-01.00,2026-05-10
사출,R1026-01.25,2026-05-10
사출,R1026-01.50,2026-05-10
사출,R1026-01.75,2026-05-10
사출,R1026-02.00,2026-05-02
사출,R1026-02.25,2026-05-10
사출,R1026-02.75,2026-05-10
사출,R1026-03.00,2026-05-10
사출,R1026-03.25,2026-05-10
사출,R1026-03.50,2026-05-10
사출,R1026-03.75,2026-05-10
사출,R1026-04.25,2026-05-10
사출,R1026-04.50,2026-05-10
사출,R1026-04.75,2026-05-10
사출,R1026-05.00,2026-05-10
사출,R1026-05.50,2026-05-02
사출,R1026-06.00,2026-05-02
사출,R1026-06.50,2026-05-10
사출,R1026-07.00,2026-05-10
사출,R1026-07.50,2026-05-10
사출,R1026-08.00,2026-04-21
사출,R1026-08.50,2026-05-10
사출,R1026-09.00,2026-05-02
사출,R1026-09.50,2026-05-10
사출,R1026-10.00,2026-05-10
사출,R1052-01.50-0.75090,2026-04-18
사출,R1052-03.00-0.75170,2026-04-18
사출,R1052-04.25-1.25170,2026-04-18
사출,R3400-01.75BRW,2026-02-14
사출,R3401-04.75GRA,2026-02-19
사출,R3402-04.75BRW,2026-03-23
사출,R3405-00.50SPC,2026-04-12
사출,R3405-01.00SPC,2026-04-21
사출,R3405-01.50SPC,2026-04-12
사출,R3405-01.75SPC,2026-04-12
사출,R3405-02.00SPC,2026-04-12
사출,R3405-02.25SPC,2026-04-12
사출,R3405-02.50SPC,2026-04-12
사출,R3405-03.00SPC,2026-04-21
사출,R3405-03.50SPC,2026-04-12
사출,R3405-03.75SPC,2026-04-12
사출,R3405-04.00SPC,2026-04-12
사출,R3405-04.25SPC,2026-04-12
사출,R3405-04.75SPC,2026-04-21
사출,R3405-05.50SPC,2026-04-21
사출,R3405-06.00SPC,2026-04-21
사출,R3405-08.00SPC,2026-04-21
사출,R3405-10.00SPC,2026-04-12
사출,R3406-00.00ASB,2026-04-21
사출,R3406-01.50ASB,2026-04-21
사출,R3406-03.25ASB,2026-04-14
사출,R3406-03.75ASB,2026-04-21
사출,R3406-04.75ASB,2026-02-19
사출,R3406-05.00ASB,2026-04-14
사출,R3407-00.50ASG,2026-04-21
사출,R3407-01.00ASG,2026-04-21
사출,R3407-01.25ASG,2026-04-21
사출,R3407-01.75ASG,2026-04-21
사출,R3407-02.00ASG,2026-04-21
사출,R3407-02.25ASG,2026-04-21
사출,R3407-03.00ASG,2026-04-21
사출,R3407-03.50ASG,2026-04-21
사출,R3407-03.75ASG,2026-04-12
사출,R3407-04.50ASG,2026-04-21
사출,R3407-05.00ASG,2026-04-12
사출,R3407-05.50ASG,2026-04-21
사출,R3407-06.00ASG,2026-04-12
사출,R3407-06.50ASG,2026-04-21
사출,R3407-07.00ASG,2026-04-21
사출,R3407-08.50ASG,2026-04-12
사출,R3407-10.00ASG,2026-04-12
사출,R5022-07.50-1.25180,2026-04-18
사출,R5024-08.00-1.75180,2026-04-18
사출,R5316-00.00PIE,2026-05-09
사출,R5317-00.00CED,2026-05-09
사출,R5317-00.75CED,2026-05-09
사출,R5317-02.00CED,2026-05-09
사출,R5317-02.50CED,2026-05-09
사출,R5378-04.00LVA,2026-05-09
사출,R5387-00.00STA,2026-05-09
사출,R5387-03.75STA,2026-05-09
사출,R5387-04.00STA,2026-05-09
사출,R5387-04.50STA,2026-05-09
접착,P0101A-01.75,2026-05-03
접착,P0174A-01.50DBK3,2026-04-25
접착,P0174A-01.75DBK3,2026-04-05
접착,P0174A-04.75DBK3,2026-04-05
접착,P0174A-06.50DBK3,2026-02-23
접착,P0174A-07.00DBK3,2026-02-23
접착,P0174A-07.50DBK3,2026-04-05
접착,P0174A-08.00DBK3,2026-02-23
접착,P0175A-01.00LKG3,2026-04-09
접착,P0175A-01.25LKG3,2026-02-23
접착,P0175A-01.50LKG3,2026-02-23
접착,P0175A-01.75LKG3,2026-02-23
접착,P0175A-02.25LKG3,2026-02-23
접착,P0175A-02.50LKG3,2026-04-09
접착,P0175A-02.75LKG3,2026-04-09
접착,P0175A-03.00LKG3,2026-02-23
접착,P0175A-03.25LKG3,2026-02-23
접착,P0175A-03.50LKG3,2026-04-25
접착,P0175A-03.75LKG3,2026-02-23
접착,P0175A-04.00LKG3,2026-02-23
접착,P0175A-04.25LKG3,2026-02-23
접착,P0175A-04.75LKG3,2026-04-25
접착,P0175A-05.00LKG3,2026-04-25
접착,P0175A-05.50LKG3,2026-04-09
접착,P0175A-06.00LKG3,2026-04-25
접착,P0175A-06.50LKG3,2026-02-23
접착,P0175A-07.00LKG3,2026-02-23
접착,P0175A-07.50LKG3,2026-04-09
접착,P0175A-08.00LKG3,2026-02-23
접착,P0176A-01.00MBN3,2026-02-23
접착,P0176A-01.25MBN3,2026-04-12
접착,P0176A-01.50MBN3,2026-04-25
접착,P0176A-01.75MBN3,2026-02-23
접착,P0176A-02.00MBN3,2026-04-12
접착,P0176A-02.25MBN3,2026-02-23
접착,P0176A-02.50MBN3,2026-04-12
접착,P0176A-02.75MBN3,2026-02-23
접착,P0176A-03.00MBN3,2026-02-23
접착,P0176A-03.25MBN3,2026-04-12
접착,P0176A-03.50MBN3,2026-04-12
접착,P0176A-03.75MBN3,2026-02-23
접착,P0176A-04.00MBN3,2026-04-12
접착,P0176A-04.25MBN3,2026-02-23
접착,P0176A-04.50MBN3,2026-02-23
접착,P0176A-04.75MBN3,2026-02-23
접착,P0176A-05.00MBN3,2026-02-23
접착,P0176A-05.50MBN3,2026-02-23
접착,P0176A-06.00MBN3,2026-02-23
접착,P0176A-06.50MBN3,2026-02-23
접착,P0176A-07.00MBN3,2026-02-23
접착,P0176A-07.50MBN3,2026-02-23
접착,P0176A-08.00MBN3,2026-02-23
접착,P0317A-01.75PCH3,2026-04-25
접착,P0317A-02.25PCH3,2026-04-25
접착,P0317A-02.50PCH3,2026-04-25
접착,P0317A-02.75PCH3,2026-04-02
접착,P0317A-03.00PCH3,2026-04-25
접착,P0317A-03.25PCH3,2026-04-25
접착,P0317A-03.75PCH3,2026-04-25
접착,P0317A-04.00PCH3,2026-04-25
접착,P0317A-04.50PCH3,2026-04-02
접착,P0317A-04.75PCH3,2026-04-02
접착,P0317A-05.00PCH3,2026-04-02
접착,P0317A-05.50PCH3,2026-04-02
접착,P0317A-06.00PCH3,2026-04-02
접착,P0317A-06.50PCH3,2026-04-25
접착,P0317A-07.00PCH3,2026-04-25
접착,P0317A-07.50PCH3,2026-04-25
접착,P0317A-08.00PCH3,2026-04-02
접착,P0318A-00.00DBK3,2026-04-05
접착,P0318A-01.00DBK3,2026-04-05
접착,P0318A-01.25DBK3,2026-04-05
접착,P0318A-01.50DBK3,2026-04-05
접착,P0318A-01.75DBK3,2026-04-05
접착,P0318A-02.00DBK3,2026-04-05
접착,P0318A-02.25DBK3,2026-04-05
접착,P0318A-02.50DBK3,2026-04-05
접착,P0318A-02.75DBK3,2026-04-05
접착,P0318A-03.00DBK3,2026-04-05
접착,P0318A-03.25DBK3,2026-04-05
접착,P0318A-03.50DBK3,2026-04-05
접착,P0318A-03.75DBK3,2026-04-05
접착,P0318A-04.00DBK3,2026-04-05
접착,P0318A-04.25DBK3,2026-04-05
접착,P0318A-04.50DBK3,2026-04-05
접착,P0318A-04.75DBK3,2026-04-05
접착,P0318A-05.00DBK3,2026-04-05
접착,P0318A-05.50DBK3,2026-04-05
접착,P0318A-06.00DBK3,2026-04-05
접착,P0318A-06.50DBK3,2026-04-05
접착,P0318A-07.00DBK3,2026-04-05
접착,P0318A-07.50DBK3,2026-04-05
접착,P0318A-08.00DBK3,2026-04-05
접착,P0319A-00.00LKG3,2026-04-09
접착,P0319A-01.00LKG3,2026-04-09
접착,P0319A-01.25LKG3,2026-04-09
접착,P0319A-01.50LKG3,2026-04-09
접착,P0319A-01.75LKG3,2026-04-09
접착,P0319A-02.00LKG3,2026-04-09
접착,P0319A-02.25LKG3,2026-04-09
접착,P0319A-02.50LKG3,2026-04-09
접착,P0319A-02.75LKG3,2026-04-09
접착,P0319A-03.00LKG3,2026-04-09
접착,P0319A-03.25LKG3,2026-04-09
접착,P0319A-03.50LKG3,2026-04-09
접착,P0319A-03.75LKG3,2026-04-09
접착,P0319A-04.00LKG3,2026-04-09
접착,P0319A-04.25LKG3,2026-04-09
접착,P0319A-04.50LKG3,2026-04-09
접착,P0319A-04.75LKG3,2026-04-09
접착,P0319A-05.00LKG3,2026-04-09
접착,P0319A-05.50LKG3,2026-04-09
접착,P0319A-06.00LKG3,2026-04-09
접착,P0319A-06.50LKG3,2026-04-09
접착,P0319A-07.00LKG3,2026-04-09
접착,P0319A-07.50LKG3,2026-04-09
접착,P0319A-08.00LKG3,2026-04-09
접착,P0320A-00.00MBN3,2026-04-12
접착,P0320A-01.00MBN3,2026-04-12
접착,P0320A-01.25MBN3,2026-04-12
접착,P0320A-01.50MBN3,2026-04-12
접착,P0320A-01.75MBN3,2026-04-12
접착,P0320A-02.00MBN3,2026-04-12
접착,P0320A-02.25MBN3,2026-04-12
접착,P0320A-02.50MBN3,2026-04-12
접착,P0320A-02.75MBN3,2026-04-12
접착,P0320A-03.00MBN3,2026-04-12
접착,P0320A-03.25MBN3,2026-04-12
접착,P0320A-03.50MBN3,2026-04-12
접착,P0320A-03.75MBN3,2026-04-12
접착,P0320A-04.00MBN3,2026-04-12
접착,P0320A-04.25MBN3,2026-04-12
접착,P0320A-04.50MBN3,2026-04-12
접착,P0320A-04.75MBN3,2026-04-12
접착,P0320A-05.00MBN3,2026-04-12
접착,P0320A-05.50MBN3,2026-04-12
접착,P0320A-06.00MBN3,2026-04-12
접착,P0320A-06.50MBN3,2026-04-12
접착,P0320A-07.00MBN3,2026-04-12
접착,P0320A-07.50MBN3,2026-04-12
접착,P0320A-08.00MBN3,2026-04-12
접착,P0321A-00.00PCH3,2026-04-02
접착,P0321A-01.00PCH3,2026-04-02
접착,P0321A-01.25PCH3,2026-04-02
접착,P0321A-01.50PCH3,2026-04-02
접착,P0321A-01.75PCH3,2026-04-02
접착,P0321A-02.00PCH3,2026-04-02
접착,P0321A-02.25PCH3,2026-04-02
접착,P0321A-02.50PCH3,2026-04-02
접착,P0321A-02.75PCH3,2026-04-02
접착,P0321A-03.00PCH3,2026-04-02
접착,P0321A-03.25PCH3,2026-04-02
접착,P0321A-03.50PCH3,2026-04-02
접착,P0321A-03.75PCH3,2026-04-02
접착,P0321A-04.00PCH3,2026-04-02
접착,P0321A-04.25PCH3,2026-04-02
접착,P0321A-04.50PCH3,2026-04-02
접착,P0321A-04.75PCH3,2026-04-02
접착,P0321A-05.00PCH3,2026-04-02
접착,P0321A-05.50PCH3,2026-04-02
접착,P0321A-06.00PCH3,2026-04-02
접착,P0321A-06.50PCH3,2026-04-02
접착,P0321A-07.00PCH3,2026-04-02
접착,P0321A-07.50PCH3,2026-04-02
접착,P0321A-08.00PCH3,2026-04-02
접착,P0365A-01.00,2026-05-14
접착,P0365A-01.25,2026-05-14
접착,P0365A-01.50,2026-05-14
접착,P0365A-01.75,2026-05-14
접착,P0365A-02.00,2026-05-14
접착,P0365A-02.25,2026-05-14
접착,P0365A-02.50,2026-05-14
접착,P0365A-02.75,2026-05-14
접착,P0365A-03.00,2026-05-14
접착,P0365A-03.25,2026-05-14
접착,P0365A-03.50,2026-05-14
접착,P0365A-03.75,2026-05-14
접착,P0365A-04.00,2026-05-14
접착,P0365A-04.25,2026-05-14
접착,P0365A-04.50,2026-05-14
접착,P0365A-04.75,2026-05-14
접착,P0365A-05.00,2026-05-14
접착,P0365A-05.50,2026-05-14
접착,P0365A-06.00,2026-05-14
접착,P0365A-06.50,2026-05-14
접착,P0365A-07.00,2026-05-14
접착,P0365A-07.50,2026-05-14
접착,P0365A-08.00,2026-05-14
접착,P0365A-08.50,2026-05-14
접착,P0365A-09.00,2026-05-14
접착,P0365A-09.50,2026-05-14
접착,P0365A-10.00,2026-05-14
접착,P0510A+03.75,2026-05-06
접착,P0510A+04.00,2026-05-06
접착,P0510A+05.50,2026-05-06
접착,P0510A+06.50,2026-05-06
접착,P0510A+07.00,2026-05-06
접착,P0510A+07.50,2026-05-06
접착,P0510A-02.00,2026-05-06
접착,P0510A-05.50,2026-05-06
접착,P0510A-06.00,2026-05-06
접착,P0510A-09.00,2026-05-06
접착,P3405A-00.50SPC,2026-04-16
접착,P3405A-01.00SPC,2026-04-25
접착,P3405A-01.50SPC,2026-04-16
접착,P3405A-01.75SPC,2026-04-16
접착,P3405A-02.00SPC,2026-04-16
접착,P3405A-02.25SPC,2026-04-16
접착,P3405A-02.50SPC,2026-04-16
접착,P3405A-02.75SPC,2026-04-16
접착,P3405A-03.00SPC,2026-04-16
접착,P3405A-03.25SPC,2026-04-16
접착,P3405A-03.50SPC,2026-04-16
접착,P3405A-03.75SPC,2026-04-16
접착,P3405A-04.00SPC,2026-04-16
접착,P3405A-04.25SPC,2026-04-16
접착,P3405A-04.75SPC,2026-04-25
접착,P3405A-05.50SPC,2026-04-25
접착,P3405A-06.00SPC,2026-04-25
접착,P3405A-08.00SPC,2026-04-25
접착,P3405A-10.00SPC,2026-04-16
접착,P3406A-00.00ASB,2026-04-25
접착,P3406A-01.50ASB,2026-04-25
접착,P3406A-03.25ASB,2026-04-18
접착,P3406A-03.75ASB,2026-04-25
접착,P3406A-04.75ASB,2026-02-23
접착,P3406A-05.00ASB,2026-04-18
접착,P3407A-00.50ASG,2026-04-25
접착,P3407A-01.00ASG,2026-04-25
접착,P3407A-01.25ASG,2026-04-25
접착,P3407A-01.75ASG,2026-04-25
접착,P3407A-02.00ASG,2026-04-25
접착,P3407A-02.25ASG,2026-04-25
접착,P3407A-03.00ASG,2026-04-25
접착,P3407A-03.50ASG,2026-04-25
접착,P3407A-03.75ASG,2026-04-16
접착,P3407A-04.50ASG,2026-04-25
접착,P3407A-05.00ASG,2026-04-16
접착,P3407A-05.50ASG,2026-04-25
접착,P3407A-06.00ASG,2026-04-16
접착,P3407A-06.50ASG,2026-04-25
접착,P3407A-07.00ASG,2026-04-25
접착,P3407A-08.50ASG,2026-04-16
접착,P3407A-10.00ASG,2026-04-16
접착,P5022A-07.50-1.25180,2026-04-22
접착,P5024A-08.00-1.75180,2026-04-22
접착,P5294A-01.50IGM,2026-05-10
접착,P5294A-01.75IGM,2026-05-10
접착,P5294A-02.75IGM,2026-05-10
접착,P5294A-05.75IGM,2026-05-10
접착,P5316A-00.00PIE,2026-05-13
접착,P5317A-00.00CED,2026-05-13
접착,P5317A-00.75CED,2026-05-13
접착,P5317A-02.00CED,2026-05-13
접착,P5317A-02.50CED,2026-05-13
접착,P5378A-04.00LVA,2026-05-13
접착,P5386A-00.00GAN,2026-05-13
접착,P5387A-00.00STA,2026-05-13
접착,P5387A-01.75STA,2026-05-13
접착,P5387A-03.75STA,2026-05-13
접착,P5387A-04.00STA,2026-05-13
접착,P5387A-04.50STA,2026-05-13
접착,P5405A-01.50-0.75090,2026-04-22
접착,P5405A-03.00-0.75170,2026-04-22
접착,P5405A-04.25-1.25170,2026-04-22
접착,P5416A+02.50+2.50,2026-04-01
접착,P5416A+03.00+2.50,2026-04-15
접착,P5416A+03.25+2.50,2026-05-06
접착,P5416A+03.50+2.50,2026-04-15
접착,P5416A-02.50+1.50,2026-04-15
접착,P5416A-02.75+2.50,2026-04-15
접착,P5416A-03.00+1.50,2026-04-01
접착,P5416A-03.25+2.00,2026-05-06
접착,P5416A-03.50+2.00,2026-04-01
접착,P5416A-04.00+1.50,2026-04-01
접착,P5416A-04.50+2.00,2026-05-06
접착,P5416A-05.00+2.00,2026-04-15
접착,P5416A-06.00+1.50,2026-05-06
접착,P5416A-06.50+1.00,2026-04-15
접착,P5416A-08.00+2.00,2026-05-06
접착,P5423A-08.00,2026-04-25
접착,P5424A-02.00,2026-05-07
접착,P5424A-05.50,2026-05-07
하이드레이션,P0101A-01.75,2026-05-01
하이드레이션,P0174A-01.50DBK3,2026-04-23
하이드레이션,P0174A-01.75DBK3,2026-04-03
하이드레이션,P0174A-04.75DBK3,2026-04-03
하이드레이션,P0174A-06.50DBK3,2026-02-21
하이드레이션,P0174A-07.00DBK3,2026-02-21
하이드레이션,P0174A-07.50DBK3,2026-04-03
하이드레이션,P0174A-08.00DBK3,2026-02-21
하이드레이션,P0175A-01.00LKG3,2026-04-07
하이드레이션,P0175A-01.25LKG3,2026-02-21
하이드레이션,P0175A-01.50LKG3,2026-02-21
하이드레이션,P0175A-01.75LKG3,2026-02-21
하이드레이션,P0175A-02.25LKG3,2026-02-21
하이드레이션,P0175A-02.50LKG3,2026-04-07
하이드레이션,P0175A-02.75LKG3,2026-04-07
하이드레이션,P0175A-03.00LKG3,2026-02-21
하이드레이션,P0175A-03.25LKG3,2026-02-21
하이드레이션,P0175A-03.50LKG3,2026-04-23
하이드레이션,P0175A-03.75LKG3,2026-02-21
하이드레이션,P0175A-04.00LKG3,2026-02-21
하이드레이션,P0175A-04.25LKG3,2026-02-21
하이드레이션,P0175A-04.75LKG3,2026-04-23
하이드레이션,P0175A-05.00LKG3,2026-04-23
하이드레이션,P0175A-05.50LKG3,2026-04-07
하이드레이션,P0175A-06.00LKG3,2026-04-23
하이드레이션,P0175A-06.50LKG3,2026-02-21
하이드레이션,P0175A-07.00LKG3,2026-02-21
하이드레이션,P0175A-07.50LKG3,2026-04-07
하이드레이션,P0175A-08.00LKG3,2026-02-21
하이드레이션,P0176A-01.00MBN3,2026-02-21
하이드레이션,P0176A-01.25MBN3,2026-04-10
하이드레이션,P0176A-01.50MBN3,2026-04-23
하이드레이션,P0176A-01.75MBN3,2026-02-21
하이드레이션,P0176A-02.00MBN3,2026-04-10
하이드레이션,P0176A-02.25MBN3,2026-02-21
하이드레이션,P0176A-02.50MBN3,2026-04-10
하이드레이션,P0176A-02.75MBN3,2026-02-21
하이드레이션,P0176A-03.00MBN3,2026-02-21
하이드레이션,P0176A-03.25MBN3,2026-04-10
하이드레이션,P0176A-03.50MBN3,2026-04-10
하이드레이션,P0176A-03.75MBN3,2026-02-21
하이드레이션,P0176A-04.00MBN3,2026-04-10
하이드레이션,P0176A-04.25MBN3,2026-02-21
하이드레이션,P0176A-04.50MBN3,2026-02-21
하이드레이션,P0176A-04.75MBN3,2026-02-21
하이드레이션,P0176A-05.00MBN3,2026-02-21
하이드레이션,P0176A-05.50MBN3,2026-02-21
하이드레이션,P0176A-06.00MBN3,2026-02-21
하이드레이션,P0176A-06.50MBN3,2026-02-21
하이드레이션,P0176A-07.00MBN3,2026-02-21
하이드레이션,P0176A-07.50MBN3,2026-02-21
하이드레이션,P0176A-08.00MBN3,2026-02-21
하이드레이션,P0317A-01.75PCH3,2026-04-23
하이드레이션,P0317A-02.25PCH3,2026-04-23
하이드레이션,P0317A-02.50PCH3,2026-04-23
하이드레이션,P0317A-02.75PCH3,2026-03-31
하이드레이션,P0317A-03.00PCH3,2026-04-23
하이드레이션,P0317A-03.25PCH3,2026-04-23
하이드레이션,P0317A-03.75PCH3,2026-04-23
하이드레이션,P0317A-04.50PCH3,2026-04-23
하이드레이션,P0317A-04.75PCH3,2026-03-31
하이드레이션,P0317A-05.00PCH3,2026-03-31
하이드레이션,P0317A-05.50PCH3,2026-03-31
하이드레이션,P0317A-06.00PCH3,2026-03-31
하이드레이션,P0317A-06.50PCH3,2026-04-23
하이드레이션,P0317A-07.00PCH3,2026-04-23
하이드레이션,P0317A-07.50PCH3,2026-04-23
하이드레이션,P0317A-08.00PCH3,2026-04-23
하이드레이션,P0318A-00.00DBK3,2026-04-03
하이드레이션,P0318A-01.00DBK3,2026-04-03
하이드레이션,P0318A-01.25DBK3,2026-04-03
하이드레이션,P0318A-01.50DBK3,2026-04-03
하이드레이션,P0318A-01.75DBK3,2026-04-03
하이드레이션,P0318A-02.00DBK3,2026-04-03
하이드레이션,P0318A-02.25DBK3,2026-04-03
하이드레이션,P0318A-02.50DBK3,2026-04-03
하이드레이션,P0318A-02.75DBK3,2026-04-03
하이드레이션,P0318A-03.00DBK3,2026-04-03
하이드레이션,P0318A-03.25DBK3,2026-04-03
하이드레이션,P0318A-03.50DBK3,2026-04-03
하이드레이션,P0318A-03.75DBK3,2026-04-03
하이드레이션,P0318A-04.00DBK3,2026-04-03
하이드레이션,P0318A-04.25DBK3,2026-04-03
하이드레이션,P0318A-04.50DBK3,2026-04-03
하이드레이션,P0318A-04.75DBK3,2026-04-03
하이드레이션,P0318A-05.00DBK3,2026-04-03
하이드레이션,P0318A-05.50DBK3,2026-04-03
하이드레이션,P0318A-06.00DBK3,2026-04-03
하이드레이션,P0318A-06.50DBK3,2026-04-03
하이드레이션,P0318A-07.00DBK3,2026-04-03
하이드레이션,P0318A-07.50DBK3,2026-04-03
하이드레이션,P0318A-08.00DBK3,2026-04-03
하이드레이션,P0319A-00.00LKG3,2026-04-07
하이드레이션,P0319A-01.00LKG3,2026-04-07
하이드레이션,P0319A-01.25LKG3,2026-04-07
하이드레이션,P0319A-01.50LKG3,2026-04-07
하이드레이션,P0319A-01.75LKG3,2026-04-07
하이드레이션,P0319A-02.00LKG3,2026-04-07
하이드레이션,P0319A-02.25LKG3,2026-04-07
하이드레이션,P0319A-02.50LKG3,2026-04-07
하이드레이션,P0319A-02.75LKG3,2026-04-07
하이드레이션,P0319A-03.00LKG3,2026-04-07
하이드레이션,P0319A-03.25LKG3,2026-04-07
하이드레이션,P0319A-03.50LKG3,2026-04-07
하이드레이션,P0319A-03.75LKG3,2026-04-07
하이드레이션,P0319A-04.00LKG3,2026-04-07
하이드레이션,P0319A-04.25LKG3,2026-04-07
하이드레이션,P0319A-04.50LKG3,2026-04-07
하이드레이션,P0319A-04.75LKG3,2026-04-07
하이드레이션,P0319A-05.00LKG3,2026-04-07
하이드레이션,P0319A-05.50LKG3,2026-04-07
하이드레이션,P0319A-06.00LKG3,2026-04-07
하이드레이션,P0319A-06.50LKG3,2026-04-07
하이드레이션,P0319A-07.00LKG3,2026-04-07
하이드레이션,P0319A-07.50LKG3,2026-04-07
하이드레이션,P0319A-08.00LKG3,2026-04-07
하이드레이션,P0320A-00.00MBN3,2026-04-10
하이드레이션,P0320A-01.00MBN3,2026-04-10
하이드레이션,P0320A-01.25MBN3,2026-04-10
하이드레이션,P0320A-01.50MBN3,2026-04-10
하이드레이션,P0320A-01.75MBN3,2026-04-10
하이드레이션,P0320A-02.00MBN3,2026-04-10
하이드레이션,P0320A-02.25MBN3,2026-04-10
하이드레이션,P0320A-02.50MBN3,2026-04-10
하이드레이션,P0320A-02.75MBN3,2026-04-10
하이드레이션,P0320A-03.00MBN3,2026-04-10
하이드레이션,P0320A-03.25MBN3,2026-04-10
하이드레이션,P0320A-03.50MBN3,2026-04-10
하이드레이션,P0320A-03.75MBN3,2026-04-10
하이드레이션,P0320A-04.00MBN3,2026-04-10
하이드레이션,P0320A-04.25MBN3,2026-04-10
하이드레이션,P0320A-04.50MBN3,2026-04-10
하이드레이션,P0320A-04.75MBN3,2026-04-10
하이드레이션,P0320A-05.00MBN3,2026-04-10
하이드레이션,P0320A-05.50MBN3,2026-04-10
하이드레이션,P0320A-06.00MBN3,2026-04-10
하이드레이션,P0320A-06.50MBN3,2026-04-10
하이드레이션,P0320A-07.00MBN3,2026-04-10
하이드레이션,P0320A-07.50MBN3,2026-04-10
하이드레이션,P0320A-08.00MBN3,2026-04-10
하이드레이션,P0321A-00.00PCH3,2026-03-31
하이드레이션,P0321A-01.00PCH3,2026-03-31
하이드레이션,P0321A-01.25PCH3,2026-03-31
하이드레이션,P0321A-01.50PCH3,2026-03-31
하이드레이션,P0321A-01.75PCH3,2026-03-31
하이드레이션,P0321A-02.00PCH3,2026-03-31
하이드레이션,P0321A-02.25PCH3,2026-03-31
하이드레이션,P0321A-02.50PCH3,2026-03-31
하이드레이션,P0321A-02.75PCH3,2026-03-31
하이드레이션,P0321A-03.00PCH3,2026-03-31
하이드레이션,P0321A-03.25PCH3,2026-03-31
하이드레이션,P0321A-03.50PCH3,2026-03-31
하이드레이션,P0321A-03.75PCH3,2026-03-31
하이드레이션,P0321A-04.00PCH3,2026-03-31
하이드레이션,P0321A-04.25PCH3,2026-03-31
하이드레이션,P0321A-04.50PCH3,2026-03-31
하이드레이션,P0321A-04.75PCH3,2026-03-31
하이드레이션,P0321A-05.00PCH3,2026-03-31
하이드레이션,P0321A-05.50PCH3,2026-03-31
하이드레이션,P0321A-06.00PCH3,2026-03-31
하이드레이션,P0321A-06.50PCH3,2026-03-31
하이드레이션,P0321A-07.00PCH3,2026-03-31
하이드레이션,P0321A-07.50PCH3,2026-03-31
하이드레이션,P0321A-08.00PCH3,2026-03-31
하이드레이션,P0365A-01.00,2026-05-12
하이드레이션,P0365A-01.25,2026-05-12
하이드레이션,P0365A-01.50,2026-05-12
하이드레이션,P0365A-01.75,2026-05-12
하이드레이션,P0365A-02.00,2026-05-12
하이드레이션,P0365A-02.25,2026-05-12
하이드레이션,P0365A-02.50,2026-05-12
하이드레이션,P0365A-02.75,2026-05-12
하이드레이션,P0365A-03.00,2026-05-12
하이드레이션,P0365A-03.25,2026-05-12
하이드레이션,P0365A-03.50,2026-05-12
하이드레이션,P0365A-03.75,2026-05-12
하이드레이션,P0365A-04.00,2026-05-12
하이드레이션,P0365A-04.25,2026-05-12
하이드레이션,P0365A-04.50,2026-05-12
하이드레이션,P0365A-04.75,2026-05-12
하이드레이션,P0365A-05.00,2026-05-12
하이드레이션,P0365A-05.50,2026-05-12
하이드레이션,P0365A-06.00,2026-05-12
하이드레이션,P0365A-06.50,2026-05-12
하이드레이션,P0365A-07.00,2026-05-12
하이드레이션,P0365A-07.50,2026-05-12
하이드레이션,P0365A-08.00,2026-05-12
하이드레이션,P0365A-08.50,2026-05-12
하이드레이션,P0365A-09.00,2026-05-12
하이드레이션,P0365A-09.50,2026-05-12
하이드레이션,P0365A-10.00,2026-05-12
하이드레이션,P0510A+03.75,2026-05-04
하이드레이션,P0510A+04.00,2026-05-04
하이드레이션,P0510A+05.50,2026-05-04
하이드레이션,P0510A+06.50,2026-05-04
하이드레이션,P0510A+07.00,2026-05-04
하이드레이션,P0510A+07.50,2026-05-04
하이드레이션,P0510A-02.00,2026-05-04
하이드레이션,P0510A-05.50,2026-05-04
하이드레이션,P0510A-06.00,2026-05-04
하이드레이션,P0510A-09.00,2026-05-04
하이드레이션,P3405A-00.50SPC,2026-04-14
하이드레이션,P3405A-01.00SPC,2026-04-23
하이드레이션,P3405A-01.50SPC,2026-04-14
하이드레이션,P3405A-01.75SPC,2026-04-14
하이드레이션,P3405A-02.00SPC,2026-04-14
하이드레이션,P3405A-02.25SPC,2026-04-14
하이드레이션,P3405A-02.50SPC,2026-04-14
하이드레이션,P3405A-02.75SPC,2026-04-23
하이드레이션,P3405A-03.00SPC,2026-04-14
하이드레이션,P3405A-03.25SPC,2026-04-23
하이드레이션,P3405A-03.50SPC,2026-04-14
하이드레이션,P3405A-03.75SPC,2026-04-14
하이드레이션,P3405A-04.00SPC,2026-04-14
하이드레이션,P3405A-04.25SPC,2026-04-14
하이드레이션,P3405A-04.75SPC,2026-04-23
하이드레이션,P3405A-05.50SPC,2026-04-23
하이드레이션,P3405A-06.00SPC,2026-04-23
하이드레이션,P3405A-08.00SPC,2026-04-23
하이드레이션,P3405A-10.00SPC,2026-04-14
하이드레이션,P3406A-00.00ASB,2026-04-23
하이드레이션,P3406A-01.50ASB,2026-04-23
하이드레이션,P3406A-03.25ASB,2026-04-16
하이드레이션,P3406A-03.75ASB,2026-04-23
하이드레이션,P3406A-04.75ASB,2026-02-21
하이드레이션,P3406A-05.00ASB,2026-04-16
하이드레이션,P3407A-00.50ASG,2026-04-23
하이드레이션,P3407A-01.00ASG,2026-04-23
하이드레이션,P3407A-01.25ASG,2026-04-23
하이드레이션,P3407A-01.75ASG,2026-04-23
하이드레이션,P3407A-02.00ASG,2026-04-23
하이드레이션,P3407A-02.25ASG,2026-04-23
하이드레이션,P3407A-03.00ASG,2026-04-23
하이드레이션,P3407A-03.50ASG,2026-04-23
하이드레이션,P3407A-03.75ASG,2026-04-14
하이드레이션,P3407A-04.50ASG,2026-04-23
하이드레이션,P3407A-05.00ASG,2026-04-14
하이드레이션,P3407A-05.50ASG,2026-04-23
하이드레이션,P3407A-06.00ASG,2026-04-14
하이드레이션,P3407A-06.50ASG,2026-04-23
하이드레이션,P3407A-07.00ASG,2026-04-23
하이드레이션,P3407A-08.50ASG,2026-04-14
하이드레이션,P3407A-10.00ASG,2026-04-14
하이드레이션,P5022A-07.50-1.25180,2026-04-20
하이드레이션,P5024A-08.00-1.75180,2026-04-20
하이드레이션,P5316A-00.00PIE,2026-05-11
하이드레이션,P5317A-00.00CED,2026-05-11
하이드레이션,P5317A-00.75CED,2026-05-11
하이드레이션,P5317A-02.00CED,2026-05-11
하이드레이션,P5317A-02.50CED,2026-05-11
하이드레이션,P5378A-04.00LVA,2026-05-11
하이드레이션,P5386A-00.00GAN,2026-05-11
하이드레이션,P5387A-00.00STA,2026-05-11
하이드레이션,P5387A-01.75STA,2026-05-11
하이드레이션,P5387A-03.75STA,2026-05-11
하이드레이션,P5387A-04.00STA,2026-05-11
하이드레이션,P5387A-04.50STA,2026-05-11
하이드레이션,P5405A-01.50-0.75090,2026-04-20
하이드레이션,P5405A-03.00-0.75170,2026-04-20
하이드레이션,P5405A-04.25-1.25170,2026-04-20
하이드레이션,P5416A+02.50+2.50,2026-03-30
하이드레이션,P5416A+03.00+2.50,2026-04-13
하이드레이션,P5416A+03.25+2.50,2026-05-04
하이드레이션,P5416A+03.50+2.50,2026-04-13
하이드레이션,P5416A-02.50+1.50,2026-04-13
하이드레이션,P5416A-02.75+2.50,2026-04-13
하이드레이션,P5416A-03.00+1.50,2026-03-30
하이드레이션,P5416A-03.25+2.00,2026-05-04
하이드레이션,P5416A-03.50+2.00,2026-03-30
하이드레이션,P5416A-04.00+1.50,2026-03-30
하이드레이션,P5416A-04.50+2.00,2026-05-04
하이드레이션,P5416A-05.00+2.00,2026-04-13
하이드레이션,P5416A-06.00+1.50,2026-05-04
하이드레이션,P5416A-06.50+1.00,2026-04-13
하이드레이션,P5416A-08.00+2.00,2026-05-04
하이드레이션,P5423A-08.00,2026-04-23
하이드레이션,P5424A-02.00,2026-05-05
하이드레이션,P5424A-05.50,2026-05-05
